0,0,-0.1297,-0.00001902
0.5,0.03,0.09871,-0.00005091
1,0.07,0.3947,-0.00007937
1.5,0.1,0.6377,-0.0001286
2,0.13,0.8209,-0.0001441
2.5,0.17,0.9636,-0.0001672
3,0.2,1.083,-0.0001863
3.5,0.23,1.189,-0.0002045
4,0.27,1.291,-0.0002117
4.5,0.3,1.375,-0.0002279
5,0.33,1.458,0.0000268
5.5,0.37,1.558,0.00001276
6,0.4,1.615,0.000004315
6.5,0.43,1.684,-0.000005605
7,0.47,1.755,-0.00001711
7.5,0.5,1.824,0.0001036
8,0.53,1.897,0.00009861
8.5,0.57,1.965,0.0000887
9,0.6,2.032,0.00008126
9.5,0.63,2.098,0.0001239
10,0.67,2.163,0.0001809
10.5,0.7,2.226,0.0001688
11,0.73,2.283,0.0002586
11.5,0.77,2.337,0.0002399
12,0.8,2.387,0.0002295
12.5,0.83,2.08,0.0001654
13,0.87,2.152,0.0005285
13.5,0.9,2.213,-0.000086
14,0.93,2.273,0.0003404
14.5,0.97,2.32,0.0002122
15,1,2.363,0.0003425
15.5,1.03,2.399,0.0001885
16,1.07,2.43,0.0003798
16.5,1.1,2.452,0.0003665
17,1.13,2.479,0.0003152
17.5,1.17,2.507,0.0003386
18,1.2,2.533,0.0003841
18.5,1.23,2.559,0.0003967
19,1.27,2.583,0.000403
19.5,1.3,2.608,0.0004047
20,1.33,2.632,0.0004127
20.5,1.37,2.656,0.0004297
21,1.4,2.684,0.0004656
21.5,1.43,2.709,0.0004802
22,1.47,2.731,0.00048
22.5,1.5,2.748,0.0005013
23,1.53,2.763,0.0005112
23.5,1.57,2.785,0.0005263
24,1.6,2.807,0.0005334
24.5,1.63,2.827,0.0005471
25,1.67,2.853,0.0005566
25.5,1.7,2.88,0.0005699
26,1.73,2.91,0.0005891
26.5,1.77,2.938,0.0005861
27,1.8,2.965,0.0006112
27.5,1.83,2.992,0.0006277
28,1.87,3.017,0.0006315
28.5,1.9,3.039,0.0006356
29,1.93,3.059,0.0006425
29.5,1.97,3.079,0.0006537
30,2,3.099,0.0006641
30.5,2.03,3.121,0.0006762
31,2.07,3.141,0.0006722
31.5,2.1,3.162,0.0006895
32,2.13,3.184,0.0007042
32.5,2.17,3.209,0.000716
33,2.2,3.237,0.0007206
33.5,2.23,3.267,0.0007254
34,2.27,3.3,0.0007529
34.5,2.3,3.332,0.0007439
35,2.33,3.37,0.0007723
35.5,2.37,3.405,0.0007797
36,2.4,3.447,0.0007962
36.5,2.43,3.491,0.0007949
37,2.47,3.537,0.0008154
37.5,2.5,3.586,0.0008277
38,2.53,3.635,0.0008376
38.5,2.57,3.66,0.000992
39,2.6,3.705,0.0008065
39.5,2.63,3.758,0.000793
40,2.67,3.803,0.000824
40.5,2.7,3.847,0.0008749
41,2.73,3.896,0.0009052
41.5,2.77,3.939,0.0009282
42,2.8,3.981,0.0009384
42.5,2.83,4.026,0.00096
43,2.87,4.068,0.0009732
43.5,2.9,4.113,0.0009818
44,2.93,4.161,0.00101
44.5,2.97,4.204,0.001017
45,3,4.248,0.001024
45.5,3.03,4.289,0.001022
46,3.07,4.332,0.001045
46.5,3.1,4.373,0.001065
47,3.13,4.414,0.001083
47.5,3.17,4.424,0.001102
48,3.2,4.309,0.001158
48.5,3.23,4.385,0.001271
49,3.27,4.403,0.001357
49.5,3.3,4.432,0.001346
50,3.33,4.46,0.001298
50.5,3.37,4.489,0.001342
51,3.4,4.524,0.00136
51.5,3.43,4.558,0.00137
52,3.47,4.59,0.001392
52.5,3.5,4.62,0.001382
53,3.53,4.648,0.001406
53.5,3.57,4.672,0.001416
54,3.6,4.629,0.001377
54.5,3.63,4.64,0.001372
55,3.67,4.64,0.001352
55.5,3.7,4.652,0.00137
56,3.73,4.666,0.001375
56.5,3.77,4.649,0.00363
57,3.8,4.649,0.004006
57.5,3.83,4.664,0.003849
58,3.87,4.685,0.003755
58.5,3.9,4.707,0.003773
59,3.93,4.728,0.003785
59.5,3.97,4.752,0.003819
60,4,4.776,0.003837
60.5,4.03,4.801,0.00384
61,4.07,4.821,0.003848
61.5,4.1,4.835,0.003849
62,4.13,4.84,0.003849
62.5,4.17,4.842,0.003848
63,4.2,4.846,0.003848
63.5,4.23,4.859,0.003867
64,4.27,4.877,0.003873
64.5,4.3,4.901,0.003876
65,4.33,4.927,0.003889
65.5,4.37,4.956,0.003896
66,4.4,4.987,0.003902
66.5,4.43,5.021,0.003921
67,4.47,5.055,0.003931
67.5,4.5,5.092,0.003939
68,4.53,5.127,0.003961
68.5,4.57,5.161,0.003979
69,4.6,5.191,0.003986
69.5,4.63,5.22,0.004005
70,4.67,5.242,0.004003
70.5,4.7,5.258,0.00401
71,4.73,5.269,0.004012
71.5,4.77,5.277,0.004021
72,4.8,5.291,0.004024
72.5,4.83,5.316,0.004049
73,4.87,5.347,0.004046
73.5,4.9,5.384,0.004052
74,4.93,5.419,0.004078
74.5,4.97,5.457,0.004092
75,5,5.497,0.004098
75.5,5.03,5.538,0.004109
76,5.07,5.577,0.004124
76.5,5.1,5.615,0.004149
77,5.13,5.65,0.004146
77.5,5.17,5.684,0.00417
78,5.2,5.716,0.004161
78.5,5.23,5.745,0.004172
79,5.27,5.769,0.004189
79.5,5.3,5.791,0.0042
80,5.33,5.807,0.004209
80.5,5.37,5.816,0.004219
81,5.4,5.822,0.004206
81.5,5.43,5.83,0.004214
82,5.47,5.844,0.004227
82.5,5.5,5.867,0.004219
83,5.53,5.896,0.004244
83.5,5.57,5.93,0.004243
84,5.6,5.969,0.00426
84.5,5.63,6.006,0.004268
85,5.67,6.044,0.004288
85.5,5.7,6.08,0.004293
86,5.73,6.113,0.004317
86.5,5.77,6.146,0.004319
87,5.8,6.174,0.004317
87.5,5.83,6.196,0.004336
88,5.87,6.213,0.004335
88.5,5.9,6.217,0.004335
89,5.93,6.224,0.004335
89.5,5.97,6.24,0.004355
90,6,6.268,0.00435
90.5,6.03,6.302,0.00438
91,6.07,6.343,0.004384
91.5,6.1,6.387,0.004389
92,6.13,6.432,0.0044
92.5,6.17,6.475,0.004422
93,6.2,6.515,0.004432
93.5,6.23,6.55,0.004457
94,6.27,6.584,0.00446
94.5,6.3,6.612,0.004468
95,6.33,6.635,0.004473
95.5,6.37,6.652,0.004465
96,6.4,6.67,0.004482
96.5,6.43,6.696,0.004489
97,6.47,6.727,0.004508
97.5,6.5,6.766,0.004502
98,6.53,6.811,0.004516
98.5,6.57,6.857,0.004547
99,6.6,6.904,0.004546
99.5,6.63,6.95,0.004564
100,6.67,6.992,0.004586
100.5,6.7,7.031,0.004589
101,6.73,7.069,0.004595
101.5,6.77,7.098,0.00461
102,6.8,7.12,0.004615
102.5,6.83,7.136,0.004616
103,6.87,7.148,0.004629
103.5,6.9,7.171,0.004635
104,6.93,7.203,0.004641
104.5,6.97,7.243,0.004668
105,7,7.286,0.004664
105.5,7.03,7.336,0.004681
106,7.07,7.384,0.004679
106.5,7.1,7.43,0.004707
107,7.13,7.474,0.004722
107.5,7.17,7.52,0.004731
108,7.2,7.564,0.004736
108.5,7.23,7.605,0.004765
109,7.27,7.644,0.004773
109.5,7.3,7.68,0.004772
110,7.33,7.71,0.004796
110.5,7.37,7.742,0.004788
111,7.4,7.773,0.004813
111.5,7.43,7.805,0.004813
112,7.47,7.844,0.00482
112.5,7.5,7.891,0.004842
113,7.53,7.937,0.004853
113.5,7.57,7.984,0.004866
114,7.6,8.03,0.004876
114.5,7.63,8.08,0.004879
115,7.67,8.128,0.004894
115.5,7.7,8.177,0.004921
116,7.73,8.226,0.00493
116.5,7.77,8.274,0.004942
117,7.8,8.319,0.004947
117.5,7.83,8.359,0.004966
118,7.87,8.396,0.004971
118.5,7.9,8.431,0.00497
119,7.93,8.464,0.004981
119.5,7.97,8.499,0.004999
120,8,8.532,0.005009
120.5,8.03,8.571,0.004999
121,8.07,8.613,0.005037
121.5,8.1,8.658,0.005039
122,8.13,8.706,0.00504
122.5,8.17,8.753,0.005058
123,8.2,8.796,0.004891
123.5,8.23,8.844,0.004882
124,8.27,8.892,0.00486
124.5,8.3,8.939,0.00487
125,8.33,8.985,0.004878
125.5,8.37,9.028,0.004908
126,8.4,9.065,0.004921
126.5,8.43,9.099,0.004923
127,8.47,9.129,0.004935
127.5,8.5,9.156,0.004934
128,8.53,9.179,0.004942
128.5,8.57,9.202,0.004959
129,8.6,9.224,0.004959
129.5,8.63,9.243,0.004975
130,8.67,9.262,0.004982
130.5,8.7,9.282,0.00498
131,8.73,9.301,0.004979
131.5,8.77,9.316,0.004992
132,8.8,9.33,0.005007
132.5,8.83,9.334,0.005001
133,8.87,9.338,0.005
133.5,8.9,9.341,0.005014
134,8.93,9.354,0.005015
134.5,8.97,9.377,0.005028
135,9,9.403,0.005031
135.5,9.03,9.431,0.005034
136,9.07,9.463,0.005048
136.5,9.1,9.493,0.005057
137,9.13,9.519,0.005058
137.5,9.17,9.538,0.005069
138,9.2,9.553,0.005075
138.5,9.23,9.564,0.00507
139,9.27,9.585,0.005074
139.5,9.3,9.611,0.005094
140,9.33,9.639,0.005096
140.5,9.37,9.674,0.005107
141,9.4,9.712,0.00512
141.5,9.43,9.755,0.005136
142,9.47,9.797,0.005129
142.5,9.5,9.838,0.005139
143,9.53,9.88,0.005153
143.5,9.57,9.924,0.005159
144,9.6,9.971,0.00517
144.5,9.63,10.02,0.005186
145,9.67,10.07,0.005198
145.5,9.7,10.12,0.00521
146,9.73,10.17,0.005224
146.5,9.77,10.22,0.005231
147,9.8,10.27,0.005245
147.5,9.83,10.33,0.005255
148,9.87,10.38,0.00526
148.5,9.9,10.43,0.005287
149,9.93,10.48,0.005287
149.5,9.97,10.53,0.005309
150,10,10.58,0.005314
150.5,10.03,10.64,0.005327
151,10.07,10.69,0.005332
151.5,10.1,10.74,0.00535
152,10.13,10.8,0.005374
152.5,10.17,10.85,0.00537
153,10.2,10.91,0.005389
153.5,10.23,10.97,0.005394
154,10.27,11.03,0.005411
154.5,10.3,11.09,0.005422
155,10.33,11.15,0.005433
155.5,10.37,11.21,0.005455
156,10.4,11.26,0.005457
156.5,10.43,11.32,0.005476
157,10.47,11.37,0.005481
157.5,10.5,11.43,0.005502
158,10.53,11.48,0.005518
158.5,10.57,11.54,0.005524
159,10.6,11.58,0.005529
159.5,10.63,11.64,0.005547
160,10.67,11.69,0.00556
160.5,10.7,11.74,0.005564
161,10.73,11.79,0.005577
161.5,10.77,11.84,0.005577
162,10.8,11.89,0.005581
162.5,10.83,11.95,0.005599
163,10.87,12,0.005604
163.5,10.9,12.06,0.005616
164,10.93,12.12,0.005625
164.5,10.97,12.18,0.005642
165,11,12.24,0.005638
165.5,11.03,12.29,0.005662
166,11.07,12.36,0.005674
166.5,11.1,12.42,0.005696
167,11.13,12.48,0.005702
167.5,11.17,12.55,0.005716
168,11.2,12.61,0.005735
168.5,11.23,12.67,0.005748
169,11.27,12.72,0.005762
169.5,11.3,12.78,0.005765
170,11.33,12.84,0.005762
170.5,11.37,12.9,0.005791
171,11.4,12.95,0.005795
171.5,11.43,13.01,0.005805
172,11.47,13.06,0.005818
172.5,11.5,13.12,0.005841
173,11.53,13.17,0.005826
173.5,11.57,13.22,0.005834
174,11.6,13.27,0.005842
174.5,11.63,13.33,0.005862
175,11.67,13.38,0.005887
175.5,11.7,13.44,0.005889
176,11.73,13.49,0.005901
176.5,11.77,13.55,0.005919
177,11.8,13.61,0.005921
177.5,11.83,13.67,0.005922
178,11.87,13.74,0.005944
178.5,11.9,13.8,0.005948
179,11.93,13.86,0.005963
179.5,11.97,13.92,0.005975
180,12,13.98,0.005977
180.5,12.03,14.04,0.005969
181,12.07,14.1,0.005984
181.5,12.1,14.15,0.006004
182,12.13,14.21,0.006018
182.5,12.17,14.27,0.006032
183,12.2,14.33,0.00605
183.5,12.23,14.4,0.006058
184,12.27,14.46,0.006062
184.5,12.3,14.52,0.006068
185,12.33,14.58,0.006091
185.5,12.37,14.64,0.006105
186,12.4,14.7,0.006123
186.5,12.43,14.77,0.006121
187,12.47,14.82,0.006126
187.5,12.5,14.88,0.006125
188,12.53,14.94,0.006154
188.5,12.57,15,0.006159
189,12.6,15.05,0.006175
189.5,12.63,15.11,0.006177
190,12.67,15.17,0.006194
190.5,12.7,15.22,0.006198
191,12.73,15.25,0.006211
191.5,12.77,15.14,0.006238
192,12.8,14.98,0.0062
192.5,12.83,14.78,0.006152
193,12.87,14.08,0.006056
193.5,12.9,13.31,0.005929
194,12.93,13.02,0.005881
194.5,12.97,12.85,0.005854
195,13,12.71,0.005824
195.5,13.03,12.57,0.005794
196,13.07,12.43,0.005789
196.5,13.1,12.31,0.005757
197,13.13,12.2,0.005742
197.5,13.17,12.09,0.00575
198,13.2,12,0.005729
198.5,13.23,11.92,0.005715
199,13.27,11.83,0.005696
199.5,13.3,11.75,0.005675
200,13.33,11.66,0.005651
200.5,13.37,11.59,0.005658
201,13.4,11.52,0.005639
201.5,13.43,11.46,0.005623
202,13.47,11.39,0.005618
202.5,13.5,11.32,0.005599
203,13.53,11.26,0.005589
203.5,13.57,11.19,0.005577
204,13.6,11.14,0.005563
204.5,13.63,11.09,0.005557
205,13.67,11.05,0.005551
205.5,13.7,11.01,0.005543
206,13.73,10.98,0.005527
206.5,13.77,10.94,0.005542
207,13.8,10.91,0.005535
207.5,13.83,10.87,0.005528
208,13.87,10.82,0.005506
208.5,13.9,10.77,0.005499
209,13.93,10.72,0.00549
209.5,13.97,10.66,0.005479
210,14,10.6,0.005465
210.5,14.03,10.53,0.005454
211,14.07,10.46,0.005447
211.5,14.1,10.4,0.005426
212,14.13,10.34,0.005427
212.5,14.17,10.29,0.005424
213,14.2,10.23,0.005385
213.5,14.23,10.18,0.005395
214,14.27,10.13,0.005377
214.5,14.3,10.08,0.005368
215,14.33,10.04,0.005358
215.5,14.37,9.994,0.005345
216,14.4,9.946,0.005339
216.5,14.43,9.9,0.005316
217,14.47,9.857,0.005322
217.5,14.5,9.815,0.00531
218,14.53,9.777,0.005303
218.5,14.57,9.739,0.005293
219,14.6,9.703,0.005287
219.5,14.63,9.662,0.005275
220,14.67,9.626,0.005283
220.5,14.7,9.593,0.005281
221,14.73,9.561,0.005265
221.5,14.77,9.529,0.005266
222,14.8,9.495,0.005249
222.5,14.83,9.463,0.005243
223,14.87,9.435,0.005242
223.5,14.9,9.412,0.005236
224,14.93,9.386,0.005239
224.5,14.97,9.36,0.005231
225,15,9.332,0.005231
225.5,15.03,9.31,0.005218
226,15.07,9.288,0.005225
226.5,15.1,9.267,0.005225
227,15.13,9.254,0.005217
227.5,15.17,9.238,0.005213
228,15.2,9.221,0.005208
228.5,15.23,9.209,0.005212
229,15.27,9.197,0.005209
229.5,15.3,9.184,0.005202
230,15.33,9.17,0.005197
230.5,15.37,9.16,0.005206
231,15.4,9.153,0.005197
231.5,15.43,9.144,0.0052
232,15.47,9.131,0.005187
232.5,15.5,9.119,0.005189
233,15.53,9.109,0.005197
233.5,15.57,9.1,0.005197
234,15.6,9.09,0.005201
234.5,15.63,9.069,0.00518
235,15.67,9.042,0.005178
235.5,15.7,9.016,0.005178
236,15.73,8.996,0.005182
236.5,15.77,8.976,0.005176
237,15.8,8.957,0.005173
237.5,15.83,8.935,0.005167
238,15.87,8.915,0.005154
238.5,15.9,8.889,0.005169
239,15.93,8.865,0.005152
239.5,15.97,8.839,0.005149
240,16,8.813,0.005152
240.5,16.03,8.797,0.005132
241,16.07,8.782,0.00514
241.5,16.1,8.774,0.005139
242,16.13,8.764,0.005147
242.5,16.17,8.75,0.005119
243,16.2,8.727,0.005129
243.5,16.23,8.71,0.005132
244,16.27,8.698,0.005122
244.5,16.3,8.687,0.005139
245,16.33,8.673,0.005138
245.5,16.37,8.659,0.005118
246,16.4,8.639,0.005113
246.5,16.43,8.612,0.005123
247,16.47,8.585,0.005105
247.5,16.5,8.557,0.005104
248,16.53,8.529,0.005108
248.5,16.57,8.499,0.005091
249,16.6,8.467,0.005088
249.5,16.63,8.422,0.005076
250,16.67,8.369,0.005063
250.5,16.7,8.331,0.00506
251,16.73,8.306,0.005041
251.5,16.77,8.288,0.00504
252,16.8,8.261,0.00505
252.5,16.83,8.227,0.005045
253,16.87,8.199,0.005025
253.5,16.9,8.173,0.005028
254,16.93,8.153,0.005028
254.5,16.97,8.136,0.005011
255,17,8.123,0.005006
255.5,17.03,8.11,0.005017
256,17.07,8.097,0.005008
256.5,17.1,8.079,0.005004
257,17.13,8.061,0.00499
257.5,17.17,8.043,0.005002
258,17.2,8.029,0.004996
258.5,17.23,8.019,0.005004
259,17.27,8.007,0.005
259.5,17.3,7.997,0.004978
260,17.33,7.989,0.004991
260.5,17.37,7.975,0.004991
261,17.4,7.967,0.004981
261.5,17.43,7.966,0.004979
262,17.47,7.963,0.004979
262.5,17.5,7.962,0.00498
263,17.53,7.958,0.004985
263.5,17.57,7.953,0.004985
264,17.6,7.952,0.004985
264.5,17.63,7.946,0.004982
265,17.67,7.93,0.004987
265.5,17.7,7.916,0.004981
266,17.73,7.91,0.004981
266.5,17.77,7.902,0.004968
267,17.8,7.896,0.004965
267.5,17.83,7.888,0.004979
268,17.87,7.883,0.004977
268.5,17.9,7.879,0.004981
269,17.93,7.881,0.004969
269.5,17.97,7.883,0.00498
270,18,7.889,0.00498
270.5,18.03,7.892,0.004966
271,18.07,7.895,0.004982
271.5,18.1,7.897,0.004986
272,18.13,7.89,0.004976
272.5,18.17,7.878,0.004967
273,18.2,7.856,0.004972
273.5,18.23,7.833,0.004965
274,18.27,7.815,0.004943
274.5,18.3,7.8,0.004955
275,18.33,7.786,0.004958
275.5,18.37,7.776,0.004958
276,18.4,7.767,0.004941
276.5,18.43,7.762,0.004949
277,18.47,7.759,0.004955
277.5,18.5,7.756,0.004952
278,18.53,7.757,0.004946
278.5,18.57,7.761,0.004935
279,18.6,7.77,0.004946
279.5,18.63,7.784,0.004954
280,18.67,7.803,0.004955
280.5,18.7,7.829,0.00496
281,18.73,7.857,0.00497
281.5,18.77,7.879,0.004982
282,18.8,7.895,0.004982
282.5,18.83,7.904,0.004978
283,18.87,7.898,0.004978
283.5,18.9,7.879,0.004984
284,18.93,7.859,0.004969
284.5,18.97,7.843,0.004968
285,19,7.825,0.004975
285.5,19.03,7.809,0.004966
286,19.07,7.792,0.00496
286.5,19.1,7.771,0.004947
287,19.13,7.744,0.004945
287.5,19.17,7.705,0.004939
288,19.2,7.657,0.004928
288.5,19.23,7.612,0.00491
289,19.27,7.567,0.004898
289.5,19.3,7.523,0.004893
290,19.33,7.488,0.004879
290.5,19.37,7.455,0.004885
291,19.4,7.42,0.004869
291.5,19.43,7.385,0.004859
292,19.47,7.35,0.004852
292.5,19.5,7.316,0.004858
293,19.53,7.274,0.00484
293.5,19.57,7.229,0.004827
294,19.6,7.191,0.004812
294.5,19.63,7.15,0.004816
295,19.67,7.109,0.004795
295.5,19.7,7.075,0.004799
296,19.73,7.041,0.004788
296.5,19.77,7.005,0.004768
297,19.8,6.973,0.004762
297.5,19.83,6.938,0.004755
298,19.87,6.903,0.004749
298.5,19.9,6.871,0.004745
299,19.93,6.84,0.004737
299.5,19.97,6.811,0.004732
300,20,6.782,0.004713
300.5,20.03,6.752,0.00471
301,20.07,6.721,0.004707
301.5,20.1,6.687,0.004702
302,20.13,6.655,0.004689
302.5,20.17,6.627,0.004689
303,20.2,6.601,0.004677
303.5,20.23,6.574,0.004671
304,20.27,6.545,0.004655
304.5,20.3,6.514,0.004655
305,20.33,6.483,0.004633
305.5,20.37,6.45,0.004641
306,20.4,6.418,0.004634
306.5,20.43,6.386,0.004627
307,20.47,6.356,0.00462
307.5,20.5,6.324,0.004607
308,20.53,6.296,0.004602
308.5,20.57,6.268,0.004588
309,20.6,6.239,0.004581
309.5,20.63,6.21,0.004571
310,20.67,6.179,0.004587
310.5,20.7,6.142,0.004558
311,20.73,6.106,0.004558
311.5,20.77,6.074,0.004541
312,20.8,6.041,0.004542
312.5,20.83,6.006,0.004523
313,20.87,5.98,0.004526
313.5,20.9,5.955,0.004515
314,20.93,5.931,0.004511
314.5,20.97,5.903,0.004514
315,21,5.878,0.004496
315.5,21.03,5.855,0.004494
316,21.07,5.834,0.004488
316.5,21.1,5.813,0.004488
317,21.13,5.789,0.00447
317.5,21.17,5.765,0.004464
318,21.2,5.745,0.004469
318.5,21.23,5.727,0.004453
319,21.27,5.709,0.004455
319.5,21.3,5.691,0.004441
320,21.33,5.671,0.004448
320.5,21.37,5.65,0.004437
321,21.4,5.631,0.004421
321.5,21.43,5.614,0.004428
322,21.47,5.596,0.004431
322.5,21.5,5.579,0.004409
323,21.53,5.563,0.004417
323.5,21.57,5.547,0.004402
324,21.6,5.532,0.004397
324.5,21.63,5.514,0.004398
325,21.67,5.501,0.004393
325.5,21.7,5.493,0.004383
326,21.73,5.48,0.0044
326.5,21.77,5.469,0.004385
327,21.8,5.459,0.004398
327.5,21.83,5.452,0.004378
328,21.87,5.447,0.004377
328.5,21.9,5.441,0.004374
329,21.93,5.429,0.004371
329.5,21.97,5.417,0.004369
330,22,5.407,0.00437
330.5,22.03,5.397,0.00438
331,22.07,5.382,0.004355
331.5,22.1,5.369,0.004357
332,22.13,5.354,0.004342
332.5,22.17,5.342,0.004348
333,22.2,5.33,0.004343
333.5,22.23,5.319,0.004324
334,22.27,5.308,0.004341
334.5,22.3,5.301,0.004337
335,22.33,5.293,0.004326
335.5,22.37,5.284,0.004321
336,22.4,5.277,0.004325
336.5,22.43,5.272,0.004329
337,22.47,5.272,0.004317
337.5,22.5,5.282,0.004324
338,22.53,5.295,0.004317
338.5,22.57,5.297,0.004321
339,22.6,5.292,0.004315
339.5,22.63,5.282,0.004321
340,22.67,5.27,0.004312
340.5,22.7,5.255,0.004312
341,22.73,5.239,0.004302
341.5,22.77,5.225,0.004299
342,22.8,5.209,0.004292
342.5,22.83,5.193,0.004293
343,22.87,5.181,0.004275
343.5,22.9,5.172,0.004284
344,22.93,5.161,0.004285
344.5,22.97,5.144,0.004263
345,23,5.128,0.004273
345.5,23.03,5.106,0.004252
346,23.07,5.085,0.004272
346.5,23.1,5.067,0.004203
347,23.13,5.052,0.004254
347.5,23.17,5.037,0.004239
348,23.2,5.026,0.004224
348.5,23.23,5.011,0.004236
349,23.27,4.993,0.004211
349.5,23.3,4.976,0.004211
350,23.33,4.959,0.004195
350.5,23.37,4.943,0.0042
351,23.4,4.927,0.004196
351.5,23.43,4.909,0.004183
352,23.47,4.89,0.004189
352.5,23.5,4.872,0.004178
353,23.53,4.851,0.004174
353.5,23.57,4.833,0.00417
354,23.6,4.817,0.004154
354.5,23.63,4.8,0.004165
355,23.67,4.784,0.004153
355.5,23.7,4.764,0.004143
356,23.73,4.744,0.004137
356.5,23.77,4.724,0.004128
357,23.8,4.704,0.004127
357.5,23.83,4.682,0.004117
358,23.87,4.663,0.004115
358.5,23.9,4.644,0.004112
359,23.93,4.618,0.004096
359.5,23.97,4.59,0.004089
360,24,4.566,0.004082
360.5,24.03,4.547,0.004066
361,24.07,4.522,0.004056
361.5,24.1,4.494,0.004047
362,24.13,4.467,0.004032
362.5,24.17,4.439,0.004035
363,24.2,4.412,0.004023
363.5,24.23,4.393,0.004025
364,24.27,4.37,0.004027
364.5,24.3,4.349,0.00402
365,24.33,4.33,0.004018
365.5,24.37,4.31,0.003984
366,24.4,4.282,0.003972
366.5,24.43,4.258,0.003969
367,24.47,4.235,0.00397
367.5,24.5,4.212,0.003967
368,24.53,4.19,0.00395
368.5,24.57,4.168,0.003942
369,24.6,4.146,0.003905
369.5,24.63,4.126,0.003915
370,24.67,4.107,0.003929
370.5,24.7,4.088,0.003923
371,24.73,4.068,0.003903
371.5,24.77,4.049,0.003908
372,24.8,4.029,0.003883
372.5,24.83,4.011,0.003893
373,24.87,3.99,0.003892
373.5,24.9,3.97,0.003867
374,24.93,3.952,0.003867
374.5,24.97,3.935,0.003864
375,25,3.917,0.003855
375.5,25.03,3.899,0.003838
376,25.07,3.879,0.00385
376.5,25.1,3.856,0.003831
377,25.13,3.831,0.003831
377.5,25.17,3.811,0.003812
378,25.2,3.793,0.003808
378.5,25.23,3.778,0.003803
379,25.27,3.763,0.003811
379.5,25.3,3.745,0.00379
380,25.33,3.725,0.003788
380.5,25.37,3.706,0.003781
381,25.4,3.689,0.003773
381.5,25.43,3.674,0.003776
382,25.47,3.654,0.003751
382.5,25.5,3.636,0.00376
383,25.53,3.619,0.003746
383.5,25.57,3.601,0.003737
384,25.6,3.584,0.003743
384.5,25.63,3.566,0.003734
385,25.67,3.551,0.003735
385.5,25.7,3.535,0.003727
386,25.73,3.52,0.003712
386.5,25.77,3.505,0.003709
387,25.8,3.491,0.003707
387.5,25.83,3.476,0.0037
388,25.87,3.461,0.003692
388.5,25.9,3.444,0.00369
389,25.93,3.429,0.003693
389.5,25.97,3.409,0.003676
390,26,3.396,0.003682
390.5,26.03,3.382,0.003666
391,26.07,3.37,0.003674
391.5,26.1,3.355,0.003664
392,26.13,3.34,0.003661
392.5,26.17,3.328,0.003651
393,26.2,3.317,0.003649
393.5,26.23,3.307,0.003653
394,26.27,3.3,0.003642
394.5,26.3,3.289,0.003645
395,26.33,3.277,0.003634
395.5,26.37,3.266,0.003649
396,26.4,3.257,0.003624
396.5,26.43,3.247,0.003637
397,26.47,3.236,0.00361
397.5,26.5,3.225,0.003625
398,26.53,3.211,0.003609
398.5,26.57,3.201,0.003608
399,26.6,3.193,0.003611
399.5,26.63,3.183,0.003598
400,26.67,3.17,0.003586
400.5,26.7,3.161,0.003594
401,26.73,3.152,0.003591
401.5,26.77,3.141,0.003584
402,26.8,3.13,0.003583
402.5,26.83,3.118,0.003592
403,26.87,3.109,0.003571
403.5,26.9,3.102,0.003583
404,26.93,3.095,0.00357
404.5,26.97,3.082,0.003572
405,27,3.071,0.003554
405.5,27.03,3.061,0.003568
406,27.07,3.046,0.003553
406.5,27.1,3.031,0.003551
407,27.13,3.019,0.00354
407.5,27.17,3.007,0.003549
408,27.2,2.991,0.003535
408.5,27.23,2.978,0.003535
409,27.27,2.964,0.003528
409.5,27.3,2.952,0.003531
410,27.33,2.942,0.003515
410.5,27.37,2.933,0.003513
411,27.4,2.926,0.003519
411.5,27.43,2.913,0.00351
412,27.47,2.899,0.003503
412.5,27.5,2.888,0.00351
413,27.53,2.879,0.003498
413.5,27.57,2.866,0.003499
414,27.6,2.858,0.003502
414.5,27.63,2.85,0.003487
415,27.67,2.844,0.003497
415.5,27.7,2.839,0.003486
416,27.73,2.834,0.003477
416.5,27.77,2.829,0.003494
417,27.8,2.825,0.003487
417.5,27.83,2.819,0.003483
418,27.87,2.819,0.003478
418.5,27.9,2.814,0.003478
419,27.93,2.81,0.003481
419.5,27.97,2.808,0.003467
420,28,2.808,0.003481
420.5,28.03,2.808,0.003479
421,28.07,2.803,0.00347
421.5,28.1,2.801,0.00348
422,28.13,2.799,0.003473
422.5,28.17,2.794,0.003466
423,28.2,2.787,0.003478
423.5,28.23,2.782,0.00347
424,28.27,2.777,0.00347
424.5,28.3,2.772,0.00347
425,28.33,2.77,0.003466
425.5,28.37,2.767,0.003469
426,28.4,2.766,0.003465
426.5,28.43,2.763,0.003472
427,28.47,2.76,0.003457
427.5,28.5,2.756,0.00347
428,28.53,2.752,0.003466
428.5,28.57,2.75,0.00346
429,28.6,2.745,0.003454
429.5,28.63,2.737,0.003462
430,28.67,2.731,0.003446
430.5,28.7,2.724,0.003458
431,28.73,2.717,0.003448
431.5,28.77,2.712,0.003448
432,28.8,2.709,0.003451
432.5,28.83,2.707,0.003445
433,28.87,2.705,0.003436
433.5,28.9,2.704,0.003437
434,28.93,2.702,0.003436
434.5,28.97,2.699,0.00344
435,29,2.697,0.003441
435.5,29.03,2.695,0.003443
436,29.07,2.692,0.003435
436.5,29.1,2.688,0.003438
437,29.13,2.685,0.003435
437.5,29.17,2.681,0.00343
438,29.2,2.68,0.003437
438.5,29.23,2.679,0.003433
439,29.27,2.678,0.003438
439.5,29.3,2.674,0.003436
440,29.33,2.669,0.003433
440.5,29.37,2.665,0.003426
441,29.4,2.662,0.003428
441.5,29.43,2.655,0.003433
442,29.47,2.653,0.003425
442.5,29.5,2.649,0.003426
443,29.53,2.649,0.003422
443.5,29.57,2.648,0.00342
444,29.6,2.645,0.003424
444.5,29.63,2.644,0.003416
445,29.67,2.645,0.003416
445.5,29.7,2.645,0.003422
446,29.73,2.647,0.00341
446.5,29.77,2.646,0.003425
447,29.8,2.642,0.00342
447.5,29.83,2.643,0.003415
448,29.87,2.637,0.003417
448.5,29.9,2.634,0.003413
449,29.93,2.632,0.003409
449.5,29.97,2.629,0.003419
450,30,2.626,0.003414
450.5,30.03,2.623,0.003406
451,30.07,2.616,0.003407
451.5,30.1,2.608,0.003407
452,30.13,2.604,0.003399
452.5,30.17,2.6,0.003394
453,30.2,2.596,0.003401
453.5,30.23,2.593,0.003397
454,30.27,2.587,0.003393
454.5,30.3,2.586,0.003404
455,30.33,2.584,0.003394
455.5,30.37,2.582,0.003386
456,30.4,2.576,0.003395
456.5,30.43,2.573,0.003385
457,30.47,2.569,0.003389
457.5,30.5,2.565,0.003395
458,30.53,2.564,0.003386
458.5,30.57,2.562,0.003388
459,30.6,2.558,0.00338
459.5,30.63,2.55,0.003383
460,30.67,2.541,0.003388
460.5,30.7,2.536,0.003389
461,30.73,2.527,0.00337
461.5,30.77,2.519,0.003377
462,30.8,2.51,0.003381
462.5,30.83,2.504,0.003367
463,30.87,2.498,0.003377
463.5,30.9,2.494,0.003368
464,30.93,2.486,0.003364
464.5,30.97,2.479,0.003358
465,31,2.472,0.003366
465.5,31.03,2.467,0.003369
466,31.07,2.463,0.003355
466.5,31.1,2.457,0.003362
467,31.13,2.452,0.003366
467.5,31.17,2.446,0.003352
468,31.2,2.438,0.003349
468.5,31.23,2.43,0.003349
469,31.27,2.424,0.003356
469.5,31.3,2.415,0.003353
470,31.33,2.406,0.003338
470.5,31.37,2.398,0.003336
471,31.4,2.386,0.003339
471.5,31.43,2.372,0.003337
472,31.47,2.359,0.003331
472.5,31.5,2.344,0.003342
473,31.53,2.332,0.003305
473.5,31.57,2.322,0.003338
474,31.6,2.311,0.003329
474.5,31.63,2.302,0.00331
475,31.67,2.291,0.00332
475.5,31.7,2.28,0.003316
476,31.73,2.27,0.003309
476.5,31.77,2.258,0.003309
477,31.8,2.249,0.003306
477.5,31.83,2.241,0.003307
478,31.87,2.233,0.003297
478.5,31.9,2.223,0.003289
479,31.93,2.215,0.003296
479.5,31.97,2.208,0.003297
480,32,2.2,0.003296
480.5,32.03,2.195,0.003306
481,32.07,2.182,0.003293
481.5,32.1,2.174,0.003281
482,32.13,2.166,0.003288
482.5,32.17,2.156,0.003288
483,32.2,2.147,0.003294
483.5,32.23,2.137,0.00329
484,32.27,2.128,0.003279
484.5,32.3,2.122,0.003281
485,32.33,2.114,0.00328
485.5,32.37,2.11,0.003277
486,32.4,2.106,0.003277
486.5,32.43,2.103,0.003282
487,32.47,2.097,0.003276
487.5,32.5,2.094,0.003258
488,32.53,2.089,0.00328
488.5,32.57,2.086,0.003281
489,32.6,2.081,0.003281
489.5,32.63,2.077,0.003271
490,32.67,2.069,0.003272
490.5,32.7,2.064,0.003278
491,32.73,2.063,0.00327
491.5,32.77,2.062,0.003273
492,32.8,2.06,0.003278
492.5,32.83,2.053,0.00328
493,32.87,2.047,0.003268
493.5,32.9,2.041,0.003271
494,32.93,2.035,0.003277
494.5,32.97,2.029,0.003267
495,33,2.021,0.00326
495.5,33.03,2.018,0.003259
496,33.07,2.016,0.003276
496.5,33.1,2.013,0.003262
497,33.13,2.009,0.003261
497.5,33.17,2.006,0.003266
498,33.2,2.004,0.003259
498.5,33.23,2,0.00326
499,33.27,1.997,0.003251
499.5,33.3,1.993,0.003258
500,33.33,1.988,0.003268
500.5,33.37,1.983,0.00325
501,33.4,1.975,0.00326
501.5,33.43,1.971,0.003264
502,33.47,1.966,0.00325
502.5,33.5,1.956,0.003255
503,33.53,1.95,0.003259
503.5,33.57,1.945,0.003251
504,33.6,1.939,0.003239
504.5,33.63,1.932,0.003243
505,33.67,1.922,0.003243
505.5,33.7,1.913,0.003229
506,33.73,1.904,0.003235
506.5,33.77,1.893,0.003229
507,33.8,1.881,0.003224
507.5,33.83,1.871,0.003221
508,33.87,1.86,0.003218
508.5,33.9,1.847,0.003217
509,33.93,1.837,0.003209
509.5,33.97,1.827,0.003211
510,34,1.816,0.003198
510.5,34.03,1.806,0.003194
511,34.07,1.793,0.003186
511.5,34.1,1.784,0.003198
512,34.13,1.777,0.003183
512.5,34.17,1.769,0.003189
513,34.2,1.761,0.003178
513.5,34.23,1.752,0.003183
514,34.27,1.744,0.003176
514.5,34.3,1.735,0.003176
515,34.33,1.726,0.003168
515.5,34.37,1.719,0.003162
516,34.4,1.709,0.003157
516.5,34.43,1.698,0.003151
517,34.47,1.689,0.003158
517.5,34.5,1.677,0.003154
518,34.53,1.669,0.003154
518.5,34.57,1.662,0.00315
519,34.6,1.653,0.003138
519.5,34.63,1.644,0.003139
520,34.67,1.637,0.003136
520.5,34.7,1.631,0.003132
521,34.73,1.623,0.003134
521.5,34.77,1.613,0.003135
522,34.8,1.606,0.003116
522.5,34.83,1.598,0.00312
523,34.87,1.591,0.00312
523.5,34.9,1.586,0.003115
524,34.93,1.582,0.003116
524.5,34.97,1.578,0.003117
525,35,1.574,0.003123
525.5,35.03,1.569,0.003111
526,35.07,1.564,0.00311
526.5,35.1,1.56,0.003111
527,35.13,1.556,0.0031
527.5,35.17,1.554,0.003115
528,35.2,1.549,0.003105
528.5,35.23,1.545,0.003106
529,35.27,1.539,0.003101
529.5,35.3,1.535,0.003105
530,35.33,1.532,0.003098
530.5,35.37,1.53,0.003096
531,35.4,1.528,0.003099
531.5,35.43,1.526,0.003087
532,35.47,1.523,0.003104
532.5,35.5,1.521,0.003091
533,35.53,1.519,0.003086
533.5,35.57,1.513,0.003094
534,35.6,1.508,0.003091
534.5,35.63,1.506,0.003093
535,35.67,1.503,0.003088
535.5,35.7,1.501,0.003084
536,35.73,1.499,0.003087
536.5,35.77,1.496,0.003084
537,35.8,1.495,0.003074
537.5,35.83,1.491,0.003083
538,35.87,1.486,0.003082
538.5,35.9,1.484,0.003078
539,35.93,1.482,0.003077
539.5,35.97,1.479,0.00308
540,36,1.475,0.003067
540.5,36.03,1.473,0.003075
541,36.07,1.469,0.003078
541.5,36.1,1.465,0.003073
542,36.13,1.462,0.003069
542.5,36.17,1.459,0.003066
543,36.2,1.458,0.003056
543.5,36.23,1.455,0.00306
544,36.27,1.453,0.003072
544.5,36.3,1.453,0.003068
545,36.33,1.451,0.003067
545.5,36.37,1.452,0.003061
546,36.4,1.451,0.003062
546.5,36.43,1.452,0.003062
547,36.47,1.454,0.003064
547.5,36.5,1.454,0.003067
548,36.53,1.454,0.003054
548.5,36.57,1.455,0.00306
549,36.6,1.455,0.00307
549.5,36.63,1.455,0.003057
550,36.67,1.454,0.003067
550.5,36.7,1.454,0.003057
551,36.73,1.452,0.003057
551.5,36.77,1.452,0.00305
552,36.8,1.447,0.003057
552.5,36.83,1.443,0.003065
553,36.87,1.441,0.003052
553.5,36.9,1.44,0.003059
554,36.93,1.44,0.003051
554.5,36.97,1.439,0.003046
555,37,1.439,0.003053
555.5,37.03,1.439,0.003056
556,37.07,1.44,0.003049
556.5,37.1,1.441,0.003053
557,37.13,1.44,0.003055
557.5,37.17,1.439,0.003053
558,37.2,1.439,0.003053
558.5,37.23,1.437,0.003054
559,37.27,1.438,0.003057
559.5,37.3,1.438,0.003055
560,37.33,1.437,0.003051
560.5,37.37,1.436,0.003059
561,37.4,1.435,0.003059
561.5,37.43,1.435,0.003061
562,37.47,1.432,0.003059
562.5,37.5,1.43,0.003055
563,37.53,1.43,0.00306
563.5,37.57,1.428,0.003062
564,37.6,1.426,0.003054
564.5,37.63,1.423,0.003061
565,37.67,1.422,0.003055
565.5,37.7,1.42,0.003057
566,37.73,1.418,0.00306
566.5,37.77,1.413,0.003059
567,37.8,1.408,0.003041
567.5,37.83,1.405,0.003053
568,37.87,1.403,0.003056
568.5,37.9,1.401,0.003055
569,37.93,1.4,0.003055
569.5,37.97,1.401,0.003053
570,38,1.4,0.003045
570.5,38.03,1.398,0.003044
571,38.07,1.397,0.003051
571.5,38.1,1.398,0.003043
572,38.13,1.396,0.003051
572.5,38.17,1.393,0.003045
573,38.2,1.39,0.00304
573.5,38.23,1.386,0.003045
574,38.27,1.382,0.003036
574.5,38.3,1.378,0.003029
575,38.33,1.372,0.003032
575.5,38.37,1.367,0.00304
576,38.4,1.362,0.00304
576.5,38.43,1.357,0.003034
577,38.47,1.353,0.003039
577.5,38.5,1.35,0.003034
578,38.53,1.346,0.003028
578.5,38.57,1.342,0.003025
579,38.6,1.338,0.003019
579.5,38.63,1.336,0.003019
580,38.67,1.333,0.003019
580.5,38.7,1.328,0.003014
581,38.73,1.323,0.003028
581.5,38.77,1.32,0.00302
582,38.8,1.316,0.003013
582.5,38.83,1.312,0.003015
583,38.87,1.307,0.003011
583.5,38.9,1.302,0.003021
584,38.93,1.298,0.00301
584.5,38.97,1.291,0.003004
585,39,1.283,0.003007
585.5,39.03,1.277,0.003009
586,39.07,1.272,0.003002
586.5,39.1,1.268,0.003008
587,39.13,1.264,0.003003
587.5,39.17,1.257,0.003017
588,39.2,1.252,0.003012
588.5,39.23,1.245,0.002996
589,39.27,1.237,0.00299
589.5,39.3,1.227,0.002991
590,39.33,1.222,0.002996
590.5,39.37,1.214,0.002984
591,39.4,1.206,0.002981
591.5,39.43,1.2,0.002981
592,39.47,1.195,0.002984
592.5,39.5,1.188,0.002978
593,39.53,1.182,0.002982
593.5,39.57,1.174,0.002975
594,39.6,1.169,0.002976
594.5,39.63,1.163,0.002976
595,39.67,1.158,0.00297
595.5,39.7,1.153,0.002976
596,39.73,1.149,0.002967
596.5,39.77,1.144,0.002961
597,39.8,1.138,0.00297
597.5,39.83,1.132,0.002962
598,39.87,1.128,0.002948
598.5,39.9,1.123,0.002955
599,39.93,1.116,0.002959
599.5,39.97,1.107,0.002955
600,40,1.099,0.002958
600.5,40.03,1.092,0.00295
601,40.07,1.085,0.002948
601.5,40.1,1.079,0.002949
602,40.13,1.073,0.002946
602.5,40.17,1.066,0.002943
603,40.2,1.058,0.002941
603.5,40.23,1.049,0.002937
604,40.27,1.041,0.002941
604.5,40.3,1.033,0.002931
605,40.33,1.024,0.002929
605.5,40.37,1.013,0.002929
606,40.4,1.003,0.002919
606.5,40.43,0.9917,0.002917
607,40.47,0.9777,0.002915
607.5,40.5,0.9598,0.002921
608,40.53,0.9461,0.002916
608.5,40.57,0.9308,0.002912
609,40.6,0.9155,0.002883
609.5,40.63,0.9031,0.002891
610,40.67,0.889,0.002888
610.5,40.7,0.8771,0.002881
611,40.73,0.8639,0.002875
611.5,40.77,0.8513,0.002871
612,40.8,0.8368,0.002865
612.5,40.83,0.8217,0.00287
613,40.87,0.8051,0.002844
613.5,40.9,0.7837,0.002857
614,40.93,0.7701,0.002856
614.5,40.97,0.7576,0.002855
615,41,0.7424,0.002832
615.5,41.03,0.7301,0.002843
616,41.07,0.7156,0.002838
616.5,41.1,0.704,0.002831
617,41.13,0.6931,0.002824
617.5,41.17,0.6818,0.002821
618,41.2,0.672,0.002824
618.5,41.23,0.6586,0.002826
619,41.27,0.6485,0.002819
619.5,41.3,0.6382,0.002815
620,41.33,0.6279,0.002814
620.5,41.37,0.6187,0.002803
621,41.4,0.6066,0.002804
621.5,41.43,0.5959,0.002799
622,41.47,0.5854,0.002798
622.5,41.5,0.5756,0.002791
623,41.53,0.565,0.002781
623.5,41.57,0.5553,0.002782
624,41.6,0.5462,0.002774
624.5,41.63,0.5371,0.002779
625,41.67,0.529,0.002775
625.5,41.7,0.521,0.00278
626,41.73,0.5133,0.002776
626.5,41.77,0.5037,0.002782
627,41.8,0.4953,0.002777
627.5,41.83,0.4875,0.002768
628,41.87,0.4795,0.002766
628.5,41.9,0.4719,0.002761
629,41.93,0.4638,0.002764
629.5,41.97,0.4558,0.002764
630,42,0.4485,0.002767
630.5,42.03,0.4411,0.002749
631,42.07,0.4351,0.002743
631.5,42.1,0.4263,0.00275
632,42.13,0.4182,0.002752
632.5,42.17,0.4102,0.002753
633,42.2,0.4037,0.002736
633.5,42.23,0.3977,0.002739
634,42.27,0.3897,0.002741
634.5,42.3,0.3792,0.002757
635,42.33,0.3716,0.002749
635.5,42.37,0.3646,0.002728
636,42.4,0.3566,0.002732
636.5,42.43,0.3491,0.002737
637,42.47,0.3416,0.002741
637.5,42.5,0.3338,0.00273
638,42.53,0.326,0.002734
638.5,42.57,0.3184,0.002738
639,42.6,0.3116,0.00275
639.5,42.63,0.3053,0.002722
640,42.67,0.299,0.002713
640.5,42.7,0.2912,0.002728
641,42.73,0.2856,0.002725
641.5,42.77,0.2796,0.002719
642,42.8,0.2734,0.002697
642.5,42.83,0.2676,0.002704
643,42.87,0.2623,0.002736
643.5,42.9,0.2569,0.002709
644,42.93,0.2513,0.002701
644.5,42.97,0.2447,0.002704
645,43,0.2411,0.002709
645.5,43.03,0.238,0.002696
646,43.07,0.2326,0.002708
646.5,43.1,0.2276,0.002691
647,43.13,0.2231,0.002699
647.5,43.17,0.2183,0.002688
648,43.2,0.2143,0.002687
648.5,43.23,0.2098,0.002688
649,43.27,0.2063,0.002697
649.5,43.3,0.2021,0.002693
650,43.33,0.1981,0.002687
650.5,43.37,0.1937,0.002679
651,43.4,0.189,0.002682
651.5,43.43,0.1853,0.002682
652,43.47,0.18,0.002675
652.5,43.5,0.1736,0.002676
653,43.53,0.1698,0.002675
653.5,43.57,0.1649,0.002675
654,43.6,0.1598,0.002674
654.5,43.63,0.1556,0.002667
655,43.67,0.151,0.002666
655.5,43.7,0.1471,0.002666
656,43.73,0.1427,0.002663
656.5,43.77,0.1398,0.002654
657,43.8,0.136,0.002656
657.5,43.83,0.1333,0.002651
658,43.87,0.1304,0.002658
658.5,43.9,0.1275,0.002658
659,43.93,0.1242,0.002655
659.5,43.97,0.1228,0.002649
660,44,0.1207,0.002643
660.5,44.03,0.1189,0.002641
661,44.07,0.1168,0.002654
661.5,44.1,0.1145,0.002646
662,44.13,0.1131,0.002647
662.5,44.17,0.1123,0.002647
663,44.2,0.1111,0.002646
663.5,44.23,0.1082,0.002646
664,44.27,0.1078,0.002617
664.5,44.3,0.0977,0.002717
665,44.33,0.09684,0.002754
665.5,44.37,0.09651,0.002735
666,44.4,0.09501,0.00274
666.5,44.43,0.09326,0.002751
667,44.47,0.09163,0.002748
667.5,44.5,0.08992,0.002747
668,44.53,0.0886,0.002735
668.5,44.57,0.08686,0.002743
669,44.6,0.08525,0.002747
669.5,44.63,0.08363,0.002746
670,44.67,0.08254,0.002744
670.5,44.7,0.08057,0.002741
671,44.73,0.08029,0.002743
671.5,44.77,0.07854,0.002744
672,44.8,0.07757,0.002749
672.5,44.83,0.07583,0.00274
673,44.87,0.07507,0.002736
673.5,44.9,0.07355,0.002742
674,44.93,0.07255,0.002743
674.5,44.97,0.07112,0.002739
675,45,0.06993,0.00274
675.5,45.03,0.06864,0.002735
676,45.07,0.06833,0.002744
676.5,45.1,0.06672,0.002738
677,45.13,0.06652,0.002729
677.5,45.17,0.06525,0.002734
678,45.2,0.06403,0.002732
678.5,45.23,0.06311,0.002736
679,45.27,0.06176,0.002732
679.5,45.3,0.06055,0.002727
680,45.33,0.05878,0.002732
680.5,45.37,0.05677,0.002739
681,45.4,0.05549,0.002723
681.5,45.43,0.05483,0.002727
682,45.47,0.05307,0.002718
682.5,45.5,0.05316,0.002742
683,45.53,0.05231,0.002743
683.5,45.57,0.05059,0.002741
684,45.6,0.04977,0.002744
684.5,45.63,0.04869,0.002741
685,45.67,0.04848,0.00273
685.5,45.7,0.04778,0.002739
686,45.73,0.04646,0.002731
686.5,45.77,0.0453,0.00273
687,45.8,0.04384,0.002728
687.5,45.83,0.04384,0.002731
688,45.87,0.0425,0.002735
688.26,45.88,0.04209,0.002732
